{
    "plddts": {
        "model_1": 93.84361547971007,
        "model_2": 92.47378663583982,
        "model_3": 93.51288306360077,
        "model_4": 92.85097875259771,
        "model_5": 92.15503131720743
    },
    "order": [
        "model_1",
        "model_3",
        "model_4",
        "model_2",
        "model_5"
    ]
}