{
    "features": 1835.7649676799774,
    "process_features_model_1": 8.515160322189331,
    "predict_and_compile_model_1": 117.30414819717407,
    "relax_model_1": 29.25719451904297
}