{
    "features": 4100.319846868515,
    "process_features_model_1": 6.240178823471069,
    "predict_and_compile_model_1": 300.3696186542511,
    "relax_model_1": 138.6796669960022
}