{
    "plddts": {
        "model_1": 72.64938745181944,
        "model_2": 71.88677543532711,
        "model_3": 72.34504551450611,
        "model_4": 72.28970130272813,
        "model_5": 71.31245040499661
    },
    "order": [
        "model_1",
        "model_3",
        "model_4",
        "model_2",
        "model_5"
    ]
}