{
    "features": 1755.6015536785126,
    "process_features_model_1": 8.250919818878174,
    "predict_and_compile_model_1": 117.86037111282349,
    "relax_model_1": 31.373189210891724
}