{
    "plddts": {
        "model_1": 75.19159001299238,
        "model_2": 73.41186747122597,
        "model_3": 76.15135210167578,
        "model_4": 75.61720791749237,
        "model_5": 73.27272896145755
    },
    "order": [
        "model_3",
        "model_4",
        "model_1",
        "model_2",
        "model_5"
    ]
}