{
    "features": 5666.84907913208,
    "process_features_model_1": 9.198177814483643,
    "predict_and_compile_model_1": 315.3610601425171,
    "relax_model_1": 266.4446361064911
}