{
    "plddts": {
        "model_1": 93.18572690732233,
        "model_2": 92.72917559718958,
        "model_3": 91.94045209384701,
        "model_4": 92.28220119860657,
        "model_5": 91.39961224894401
    },
    "order": [
        "model_1",
        "model_2",
        "model_4",
        "model_3",
        "model_5"
    ]
}