{
    "features": 2503.7608811855316,
    "process_features_model_1": 8.752614498138428,
    "predict_and_compile_model_1": 149.30468225479126,
    "relax_model_1": 49.86936616897583
}