{
    "plddts": {
        "model_1": 90.08941477824496,
        "model_2": 89.27079053534204,
        "model_3": 90.32646932715447,
        "model_4": 89.57672910727703,
        "model_5": 89.98858413103503
    },
    "order": [
        "model_3",
        "model_1",
        "model_5",
        "model_4",
        "model_2"
    ]
}