{
    "features": 3380.1630487442017,
    "process_features_model_1": 10.317028522491455,
    "predict_and_compile_model_1": 190.4505054950714,
    "relax_model_1": 214.57723808288574
}